{"stats":{"minecraft:killed":{"minecraft:zombie":20,"minecraft:player":2},"minecraft:mined":{"minecraft:diamond_ore":4,"minecraft:crafting_table":16,"minecraft:grass_block":10,"minecraft:tall_grass":2,"minecraft:cobblestone":1,"minecraft:oak_planks":1,"minecraft:chiseled_stone_bricks":1,"minecraft:smooth_stone":9,"minecraft:furnace":8,"minecraft:birch_log":12,"minecraft:iron_ore":22,"minecraft:andesite":441,"minecraft:birch_leaves":3,"minecraft:grass":17,"minecraft:oak_log":28,"minecraft:coal_ore":46,"minecraft:sand":1,"minecraft:dirt":28,"minecraft:stone":99,"minecraft:polished_andesite":2,"minecraft:oak_leaves":27},"minecraft:killed_by":{"minecraft:zombie":4},"minecraft:used":{"minecraft:stone_pickaxe":258,"minecraft:polished_andesite":3,"minecraft:oak_planks":3,"minecraft:wooden_pickaxe":58,"minecraft:stone":2,"minecraft:iron_sword":66,"minecraft:rotten_flesh":4,"minecraft:dirt":16,"minecraft:crafting_table":17,"minecraft:iron_axe":8,"minecraft:iron_pickaxe":344,"minecraft:quartz_block":1,"minecraft:chiseled_stone_bricks":2,"minecraft:stone_axe":6,"minecraft:cobblestone":14,"minecraft:furnace":8,"minecraft:andesite":122,"minecraft:smooth_stone":16},"minecraft:dropped":{"minecraft:polished_andesite":1},"minecraft:custom":{"minecraft:interact_with_furnace":40,"minecraft:mob_kills":21,"minecraft:interact_with_crafting_table":47,"minecraft:leave_game":5,"minecraft:time_since_death":41073,"minecraft:climb_one_cm":10948,"minecraft:damage_resisted":2410,"minecraft:time_since_rest":41102,"minecraft:sprint_one_cm":226689,"minecraft:damage_taken":3772,"minecraft:walk_one_cm":264645,"minecraft:drop":1,"minecraft:damage_dealt":4118,"minecraft:swim_one_cm":1275,"minecraft:fly_one_cm":234871,"minecraft:player_kills":2,"minecraft:crouch_one_cm":11259,"minecraft:play_time":125725,"minecraft:deaths":4,"minecraft:sneak_time":4660,"minecraft:walk_under_water_one_cm":1552,"minecraft:jump":1527,"minecraft:walk_on_water_one_cm":15633,"minecraft:total_world_time":125725,"minecraft:fall_one_cm":84360},"minecraft:picked_up":{"minecraft:birch_log":11,"minecraft:crafting_table":20,"minecraft:andesite":692,"minecraft:wooden_pickaxe":1,"minecraft:oak_log":29,"minecraft:shield":1,"minecraft:dirt":49,"minecraft:apple":1,"minecraft:stone_bricks":2,"minecraft:wheat_seeds":3,"minecraft:smooth_stone":70,"minecraft:stone_pickaxe":3,"minecraft:iron_ingot":60,"minecraft:iron_pickaxe":3,"minecraft:oak_planks":20,"minecraft:iron_sword":2,"minecraft:furnace":73,"minecraft:stick":1,"minecraft:raw_iron":27,"minecraft:stone":2,"minecraft:chiseled_stone_bricks":1,"minecraft:stone_brick_slab":8,"minecraft:sand":1,"minecraft:polished_andesite":7,"minecraft:stone_sword":1,"minecraft:rotten_flesh":25,"minecraft:diamond":7,"minecraft:stone_axe":1,"minecraft:oak_sapling":4,"minecraft:coal":101,"minecraft:cobblestone":112},"minecraft:crafted":{"minecraft:smooth_stone":1,"minecraft:oak_planks":108,"minecraft:crafting_table":5,"minecraft:wooden_pickaxe":5,"minecraft:iron_helmet":1,"minecraft:iron_sword":2,"minecraft:furnace":5,"minecraft:stone":9,"minecraft:birch_planks":28,"minecraft:stone_axe":3,"minecraft:air":0,"minecraft:stone_brick_slab":6,"minecraft:iron_boots":1,"minecraft:iron_chestplate":1,"minecraft:shield":1,"minecraft:iron_axe":1,"minecraft:stick":48,"minecraft:iron_ingot":18,"minecraft:iron_pickaxe":5,"minecraft:stone_pickaxe":4,"minecraft:stone_sword":2,"minecraft:iron_leggings":1,"minecraft:chiseled_stone_bricks":1,"minecraft:stone_bricks":8,"minecraft:polished_andesite":12}},"DataVersion":2975}