{"stats":{"minecraft:killed_by":{"minecraft:player":14,"minecraft:zombie":1},"minecraft:killed":{"minecraft:zombie":2},"minecraft:mined":{"minecraft:iron_ore":3,"minecraft:andesite":50,"minecraft:torch":1,"minecraft:crafting_table":4,"minecraft:oak_log":30,"minecraft:grass_block":15,"minecraft:coal_ore":8,"minecraft:chest":1,"minecraft:dirt":12,"minecraft:stone":10,"minecraft:oak_leaves":26,"minecraft:wall_torch":1},"minecraft:used":{"minecraft:oak_log":17,"minecraft:stone_sword":1,"minecraft:stone_pickaxe":30,"minecraft:oak_planks":19,"minecraft:wooden_pickaxe":52,"minecraft:rotten_flesh":3,"minecraft:bedrock":1,"minecraft:torch":3,"minecraft:wooden_sword":17,"minecraft:dirt":14,"minecraft:cobblestone":3,"minecraft:crafting_table":4,"minecraft:oak_sapling":2,"minecraft:andesite":22},"minecraft:picked_up":{"minecraft:wooden_axe":1,"minecraft:stick":7,"minecraft:crafting_table":4,"minecraft:turtle_helmet":1,"minecraft:andesite":50,"minecraft:torch":2,"minecraft:wooden_pickaxe":1,"minecraft:bedrock":1,"minecraft:oak_log":35,"minecraft:dirt":30,"minecraft:wooden_sword":1,"minecraft:rotten_flesh":23,"minecraft:stone_pickaxe":1,"minecraft:iron_ore":3,"minecraft:iron_nugget":3,"minecraft:oak_sapling":11,"minecraft:chest":1,"minecraft:oak_planks":52,"minecraft:coal":8,"minecraft:cobblestone":17},"minecraft:custom":{"minecraft:time_since_rest":23212,"minecraft:sprint_one_cm":61160,"minecraft:damage_taken":6340,"minecraft:walk_one_cm":266725,"minecraft:mob_kills":3,"minecraft:damage_dealt":2886,"minecraft:player_kills":4,"minecraft:interact_with_crafting_table":8,"minecraft:fly_one_cm":66408,"minecraft:open_chest":28,"minecraft:crouch_one_cm":6422,"minecraft:play_one_minute":68220,"minecraft:deaths":15,"minecraft:sneak_time":2574,"minecraft:jump":1310,"minecraft:leave_game":3,"minecraft:time_since_death":23163,"minecraft:damage_resisted":2095,"minecraft:fall_one_cm":14427},"minecraft:crafted":{"minecraft:wooden_sword":1,"minecraft:oak_planks":56,"minecraft:crafting_table":1,"minecraft:stick":20,"minecraft:wooden_pickaxe":2,"minecraft:stone_pickaxe":1,"minecraft:stone_sword":1,"minecraft:torch":16}},"DataVersion":2586}