{"stats":{"minecraft:killed_by":{"minecraft:zombie":1},"minecraft:mined":{"minecraft:diamond_ore":13,"minecraft:crafting_table":8,"minecraft:grass_block":8,"minecraft:chiseled_stone_bricks":1,"minecraft:furnace":5,"minecraft:birch_log":7,"minecraft:iron_ore":38,"minecraft:andesite":789,"minecraft:birch_leaves":3,"minecraft:grass":2,"minecraft:oak_log":31,"minecraft:coal_ore":47,"minecraft:gravel":7,"minecraft:sand":7,"minecraft:dirt":32,"minecraft:stone":164,"minecraft:polished_andesite":4,"minecraft:oak_leaves":12},"minecraft:picked_up":{"minecraft:wooden_axe":1,"minecraft:birch_log":7,"minecraft:crafting_table":9,"minecraft:andesite":959,"minecraft:stone_slab":12,"minecraft:wooden_pickaxe":3,"minecraft:birch_planks":13,"minecraft:oak_log":31,"minecraft:dirt":41,"minecraft:apple":2,"minecraft:wheat_seeds":1,"minecraft:iron_ingot":3,"minecraft:stone_pickaxe":3,"minecraft:iron_pickaxe":1,"minecraft:polished_andesite_slab":6,"minecraft:oak_planks":25,"minecraft:furnace":5,"minecraft:stick":13,"minecraft:raw_iron":39,"minecraft:stone":1,"minecraft:chiseled_stone_bricks":1,"minecraft:gravel":9,"minecraft:sand":7,"minecraft:stone_sword":1,"minecraft:polished_andesite":4,"minecraft:rotten_flesh":14,"minecraft:diamond":15,"minecraft:stone_axe":1,"minecraft:oak_sapling":2,"minecraft:coal":63,"minecraft:cobblestone":165},"minecraft:killed":{"minecraft:zombie":1,"minecraft:player":4},"minecraft:crafted":{"minecraft:smooth_stone":3,"minecraft:oak_planks":124,"minecraft:diamond_sword":1,"minecraft:diamond_axe":2,"minecraft:crafting_table":6,"minecraft:wooden_pickaxe":5,"minecraft:furnace":5,"minecraft:stone":26,"minecraft:diamond_shovel":1,"minecraft:birch_planks":28,"minecraft:polished_andesite_slab":6,"minecraft:air":0,"minecraft:stone_brick_slab":14,"minecraft:shield":3,"minecraft:stick":48,"minecraft:stone_slab":6,"minecraft:iron_ingot":31,"minecraft:iron_pickaxe":5,"minecraft:stone_pickaxe":5,"minecraft:wooden_axe":2,"minecraft:stone_sword":2,"minecraft:stonecutter":2,"minecraft:chiseled_stone_bricks":3,"minecraft:stone_bricks":8,"minecraft:polished_andesite":6},"minecraft:custom":{"minecraft:interact_with_furnace":102,"minecraft:mob_kills":1,"minecraft:interact_with_crafting_table":54,"minecraft:interact_with_stonecutter":8,"minecraft:leave_game":5,"minecraft:time_since_death":5402,"minecraft:climb_one_cm":8201,"minecraft:damage_resisted":1640,"minecraft:time_since_rest":5424,"minecraft:sprint_one_cm":138044,"minecraft:damage_taken":2738,"minecraft:walk_one_cm":172226,"minecraft:drop":16,"minecraft:damage_dealt":1115,"minecraft:swim_one_cm":9315,"minecraft:fly_one_cm":212029,"minecraft:player_kills":4,"minecraft:crouch_one_cm":12350,"minecraft:play_time":90952,"minecraft:deaths":3,"minecraft:sneak_time":6293,"minecraft:walk_under_water_one_cm":7884,"minecraft:jump":1013,"minecraft:walk_on_water_one_cm":11611,"minecraft:total_world_time":90952,"minecraft:fall_one_cm":57549},"minecraft:used":{"minecraft:stone_sword":12,"minecraft:stone_pickaxe":409,"minecraft:polished_andesite":2,"minecraft:wooden_pickaxe":180,"minecraft:stone":2,"minecraft:stonecutter":2,"minecraft:diamond_axe":3,"minecraft:sand":4,"minecraft:dirt":8,"minecraft:crafting_table":14,"minecraft:wooden_axe":8,"minecraft:iron_pickaxe":508,"minecraft:gravel":2,"minecraft:chiseled_stone_bricks":3,"minecraft:diamond_sword":4,"minecraft:cobblestone":1,"minecraft:furnace":7,"minecraft:andesite":106},"minecraft:dropped":{"minecraft:iron_ingot":3,"minecraft:stone_axe":1,"minecraft:birch_planks":15,"minecraft:cobblestone":7,"minecraft:oak_planks":8,"minecraft:diamond_shovel":1,"minecraft:stick":9,"minecraft:wooden_axe":1,"minecraft:andesite":9,"minecraft:wooden_pickaxe":4,"minecraft:stone_pickaxe":3},"minecraft:broken":{"minecraft:wooden_pickaxe":1}},"DataVersion":2975}