{"stats":{"minecraft:picked_up":{"minecraft:wooden_axe":29,"minecraft:birch_log":70,"minecraft:crafting_table":83,"minecraft:leather_chestplate":26,"minecraft:clay_ball":4,"minecraft:turtle_helmet":26,"minecraft:andesite":1893,"minecraft:wooden_pickaxe":44,"minecraft:potato":1,"minecraft:birch_planks":229,"minecraft:bedrock":6,"minecraft:oak_log":184,"minecraft:dirt":441,"minecraft:wooden_sword":33,"minecraft:smooth_sandstone":8,"minecraft:apple":5,"minecraft:wheat_seeds":4,"minecraft:netherite_sword":3,"minecraft:iron_ingot":12,"minecraft:stone_pickaxe":21,"minecraft:iron_ore":23,"minecraft:rose_bush":3,"minecraft:iron_nugget":97,"minecraft:sugar_cane":10,"minecraft:birch_sapling":58,"minecraft:oak_planks":325,"minecraft:furnace":1,"minecraft:stick":214,"minecraft:sandstone":66,"minecraft:torch":55,"minecraft:gravel":6,"minecraft:porkchop":10,"minecraft:sand":135,"minecraft:stone_sword":10,"minecraft:cactus":11,"minecraft:rotten_flesh":432,"minecraft:diamond":1,"minecraft:stone_axe":2,"minecraft:oak_sapling":56,"minecraft:coal":70,"minecraft:cobblestone":490},"minecraft:broken":{"minecraft:stone_pickaxe":9,"minecraft:wooden_sword":3,"minecraft:stone_axe":1,"minecraft:wooden_axe":1,"minecraft:wooden_pickaxe":4},"minecraft:used":{"minecraft:netherite_sword":72,"minecraft:stone_sword":324,"minecraft:rose_bush":1,"minecraft:birch_planks":100,"minecraft:stone_pickaxe":967,"minecraft:oak_planks":214,"minecraft:cactus":2,"minecraft:chest":1,"minecraft:wooden_pickaxe":770,"minecraft:sandstone":29,"minecraft:iron_sword":80,"minecraft:rotten_flesh":99,"minecraft:cookie":2,"minecraft:torch":13,"minecraft:sand":66,"minecraft:dirt":237,"minecraft:crafting_table":68,"minecraft:oak_log":5,"minecraft:wooden_axe":254,"minecraft:apple":2,"minecraft:iron_pickaxe":7,"minecraft:smooth_sandstone":8,"minecraft:stone_axe":18,"minecraft:bedrock":6,"minecraft:wooden_sword":598,"minecraft:cobblestone":19,"minecraft:oak_sapling":4,"minecraft:furnace":2,"minecraft:porkchop":9,"minecraft:andesite":484,"minecraft:birch_log":8,"minecraft:potato":2},"minecraft:killed":{"minecraft:zombie":78,"minecraft:player":52},"minecraft:killed_by":{"minecraft:player":112,"minecraft:zombie":20},"minecraft:mined":{"minecraft:diamond_ore":1,"minecraft:oak_sapling":1,"minecraft:clay":1,"minecraft:crafting_table":31,"minecraft:torch":3,"minecraft:grass_block":78,"minecraft:dead_bush":2,"minecraft:rose_bush":2,"minecraft:redstone_wire":1,"minecraft:tall_grass":4,"minecraft:cobblestone":7,"minecraft:oak_planks":12,"minecraft:sandstone":22,"minecraft:wall_torch":9,"minecraft:birch_planks":21,"minecraft:cactus":1,"minecraft:furnace":1,"minecraft:birch_log":43,"minecraft:iron_ore":15,"minecraft:birch_leaves":11,"minecraft:andesite":1142,"minecraft:grass":13,"minecraft:oak_log":137,"minecraft:coal_ore":33,"minecraft:sand":68,"minecraft:dirt":277,"minecraft:stone":359,"minecraft:oak_leaves":120},"minecraft:custom":{"minecraft:interact_with_furnace":11,"minecraft:mob_kills":91,"minecraft:interact_with_crafting_table":173,"minecraft:play_one_minute":620700,"minecraft:leave_game":22,"minecraft:time_since_death":6508,"minecraft:damage_resisted":22502,"minecraft:time_since_rest":6531,"minecraft:sprint_one_cm":2019902,"minecraft:damage_taken":82447,"minecraft:walk_one_cm":1269160,"minecraft:drop":84,"minecraft:damage_dealt":60029,"minecraft:swim_one_cm":49676,"minecraft:fly_one_cm":2300346,"minecraft:player_kills":169,"minecraft:open_chest":281,"minecraft:crouch_one_cm":40967,"minecraft:deaths":192,"minecraft:sneak_time":24137,"minecraft:walk_under_water_one_cm":30016,"minecraft:jump":10444,"minecraft:walk_on_water_one_cm":55116,"minecraft:fall_one_cm":352153},"minecraft:dropped":{"minecraft:iron_ingot":1,"minecraft:birch_planks":17,"minecraft:oak_log":2,"minecraft:crafting_table":2,"minecraft:birch_sapling":1,"minecraft:cobblestone":24,"minecraft:rotten_flesh":15,"minecraft:oak_planks":18,"minecraft:stick":6,"minecraft:turtle_helmet":1,"minecraft:torch":12,"minecraft:wooden_axe":6,"minecraft:andesite":1,"minecraft:wooden_sword":3,"minecraft:sand":4,"minecraft:wooden_pickaxe":1},"minecraft:crafted":{"minecraft:wooden_sword":28,"minecraft:oak_planks":560,"minecraft:crafting_table":37,"minecraft:wooden_pickaxe":24,"minecraft:iron_sword":2,"minecraft:furnace":3,"minecraft:birch_planks":120,"minecraft:stone_axe":3,"minecraft:air":0,"minecraft:stick":216,"minecraft:iron_ingot":10,"minecraft:iron_pickaxe":2,"minecraft:stone_pickaxe":11,"minecraft:wooden_axe":16,"minecraft:stone_sword":14,"minecraft:chest":1,"minecraft:torch":12}},"DataVersion":2586}