{"stats":{"minecraft:broken":{"minecraft:wooden_pickaxe":1},"minecraft:used":{"minecraft:birch_planks":11,"minecraft:stone_pickaxe":49,"minecraft:iron_pickaxe":29,"minecraft:wooden_pickaxe":69,"minecraft:sandstone":1,"minecraft:iron_sword":7,"minecraft:dirt":2,"minecraft:sand":9,"minecraft:cobblestone":10,"minecraft:crafting_table":3,"minecraft:furnace":1},"minecraft:crafted":{"minecraft:crafting_table":2,"minecraft:stick":8,"minecraft:iron_pickaxe":1,"minecraft:iron_ingot":3,"minecraft:wooden_pickaxe":2,"minecraft:stone_pickaxe":1,"minecraft:furnace":1,"minecraft:birch_planks":76,"minecraft:air":0},"minecraft:killed":{"minecraft:player":1},"minecraft:custom":{"minecraft:time_since_rest":7451,"minecraft:interact_with_furnace":5,"minecraft:sprint_one_cm":68467,"minecraft:damage_taken":2081,"minecraft:walk_one_cm":107404,"minecraft:damage_dealt":868,"minecraft:interact_with_crafting_table":6,"minecraft:swim_one_cm":249,"minecraft:fly_one_cm":90762,"minecraft:player_kills":1,"minecraft:crouch_one_cm":11168,"minecraft:play_one_minute":40761,"minecraft:deaths":3,"minecraft:sneak_time":4886,"minecraft:walk_under_water_one_cm":947,"minecraft:jump":760,"minecraft:leave_game":1,"minecraft:walk_on_water_one_cm":66,"minecraft:time_since_death":7427,"minecraft:damage_resisted":1479,"minecraft:fall_one_cm":17732},"minecraft:killed_by":{"minecraft:player":2,"minecraft:zombie":1},"minecraft:picked_up":{"minecraft:wooden_axe":1,"minecraft:birch_log":19,"minecraft:sandstone":4,"minecraft:stick":16,"minecraft:crafting_table":1,"minecraft:andesite":534,"minecraft:torch":8,"minecraft:wooden_pickaxe":4,"minecraft:gravel":1,"minecraft:birch_planks":15,"minecraft:sand":46,"minecraft:shield":1,"minecraft:dirt":4,"minecraft:wooden_sword":1,"minecraft:cactus":25,"minecraft:rotten_flesh":6,"minecraft:diamond":1,"minecraft:stone_pickaxe":1,"minecraft:iron_ore":19,"minecraft:iron_pickaxe":1,"minecraft:birch_sapling":14,"minecraft:iron_sword":1,"minecraft:coal":5,"minecraft:cobblestone":112},"minecraft:mined":{"minecraft:diamond_ore":1,"minecraft:birch_planks":10,"minecraft:cactus":4,"minecraft:iron_ore":3,"minecraft:birch_log":22,"minecraft:birch_leaves":2,"minecraft:andesite":114,"minecraft:coal_ore":3,"minecraft:gravel":1,"minecraft:dirt":4,"minecraft:sand":46,"minecraft:stone":12,"minecraft:sandstone":2}},"DataVersion":2586}