{"stats":{"minecraft:custom":{"minecraft:interact_with_furnace":25,"minecraft:mob_kills":15,"minecraft:interact_with_crafting_table":39,"minecraft:leave_game":11,"minecraft:time_since_death":25460,"minecraft:damage_resisted":6618,"minecraft:time_since_rest":25487,"minecraft:sprint_one_cm":452231,"minecraft:damage_taken":17362,"minecraft:walk_one_cm":353431,"minecraft:drop":8,"minecraft:damage_dealt":12757,"minecraft:swim_one_cm":500,"minecraft:fly_one_cm":487874,"minecraft:player_kills":23,"minecraft:open_chest":6,"minecraft:crouch_one_cm":20186,"minecraft:play_time":143146,"minecraft:deaths":26,"minecraft:sneak_time":12011,"minecraft:walk_under_water_one_cm":268,"minecraft:jump":2346,"minecraft:walk_on_water_one_cm":1586,"minecraft:total_world_time":108481,"minecraft:fall_one_cm":90489},"minecraft:picked_up":{"minecraft:wooden_axe":13,"minecraft:birch_log":48,"minecraft:leather_chestplate":1,"minecraft:crafting_table":17,"minecraft:andesite":338,"minecraft:turtle_helmet":1,"minecraft:wooden_pickaxe":8,"minecraft:birch_planks":120,"minecraft:oak_log":24,"minecraft:dirt":117,"minecraft:wooden_sword":13,"minecraft:apple":1,"minecraft:wheat_seeds":12,"minecraft:wooden_shovel":1,"minecraft:chest":1,"minecraft:birch_sapling":9,"minecraft:oak_planks":37,"minecraft:furnace":4,"minecraft:stick":54,"minecraft:raw_iron":16,"minecraft:sandstone":2,"minecraft:torch":3,"minecraft:sand":2,"minecraft:carrot":1,"minecraft:rotten_flesh":51,"minecraft:diamond":2,"minecraft:stone_axe":1,"minecraft:oak_sapling":6,"minecraft:coal":14,"minecraft:cobblestone":64},"minecraft:broken":{"minecraft:wooden_axe":1,"minecraft:wooden_pickaxe":1},"minecraft:mined":{"minecraft:diamond_ore":2,"minecraft:crafting_table":11,"minecraft:grass_block":15,"minecraft:chest":1,"minecraft:tall_grass":10,"minecraft:oak_planks":4,"minecraft:sandstone":2,"minecraft:birch_planks":1,"minecraft:furnace":4,"minecraft:birch_log":46,"minecraft:iron_ore":16,"minecraft:andesite":320,"minecraft:birch_leaves":2,"minecraft:grass":27,"minecraft:oak_log":15,"minecraft:coal_ore":7,"minecraft:dirt":52,"minecraft:stone":62,"minecraft:oak_leaves":8},"minecraft:crafted":{"minecraft:wooden_sword":5,"minecraft:oak_planks":44,"minecraft:wooden_shovel":1,"minecraft:crafting_table":11,"minecraft:wooden_pickaxe":8,"minecraft:furnace":1,"minecraft:birch_planks":168,"minecraft:stone_axe":2,"minecraft:air":0,"minecraft:iron_chestplate":1,"minecraft:shield":1,"minecraft:iron_axe":1,"minecraft:stick":68,"minecraft:iron_ingot":15,"minecraft:iron_pickaxe":1,"minecraft:stone_pickaxe":2,"minecraft:wooden_axe":6,"minecraft:torch":4},"minecraft:killed":{"minecraft:zombie":13},"minecraft:killed_by":{"minecraft:player":17,"minecraft:zombie":8},"minecraft:used":{"minecraft:birch_planks":17,"minecraft:stone_pickaxe":75,"minecraft:oak_planks":20,"minecraft:wooden_pickaxe":171,"minecraft:sandstone":2,"minecraft:wooden_shovel":7,"minecraft:rotten_flesh":24,"minecraft:iron_chestplate":1,"minecraft:torch":2,"minecraft:sand":2,"minecraft:dirt":28,"minecraft:crafting_table":20,"minecraft:carrot":1,"minecraft:wooden_axe":79,"minecraft:iron_axe":1,"minecraft:birch_sapling":1,"minecraft:iron_pickaxe":200,"minecraft:bedrock":1,"minecraft:stone_axe":48,"minecraft:wooden_sword":54,"minecraft:cobblestone":2,"minecraft:furnace":4,"minecraft:andesite":104},"minecraft:dropped":{"minecraft:birch_planks":6,"minecraft:leather_chestplate":1,"minecraft:turtle_helmet":1,"minecraft:wooden_axe":4,"minecraft:wooden_sword":1}},"DataVersion":2724}