{"stats":{"minecraft:custom":{"minecraft:interact_with_furnace":11,"minecraft:mob_kills":18,"minecraft:interact_with_crafting_table":15,"minecraft:leave_game":1,"minecraft:time_since_death":10113,"minecraft:damage_resisted":1320,"minecraft:time_since_rest":10136,"minecraft:sprint_one_cm":55200,"minecraft:damage_taken":4150,"minecraft:walk_one_cm":155432,"minecraft:drop":5,"minecraft:damage_dealt":3928,"minecraft:interact_with_beacon":1,"minecraft:player_kills":5,"minecraft:fly_one_cm":179091,"minecraft:crouch_one_cm":20263,"minecraft:play_time":58687,"minecraft:deaths":5,"minecraft:sneak_time":7867,"minecraft:jump":604,"minecraft:total_world_time":58687,"minecraft:fall_one_cm":29170},"minecraft:picked_up":{"minecraft:birch_log":40,"minecraft:crafting_table":3,"minecraft:andesite":211,"minecraft:wooden_pickaxe":3,"minecraft:birch_planks":8,"minecraft:oak_log":1,"minecraft:dirt":42,"minecraft:wooden_sword":5,"minecraft:wheat_seeds":2,"minecraft:iron_ingot":1,"minecraft:birch_sapling":5,"minecraft:oak_planks":2,"minecraft:furnace":2,"minecraft:stick":15,"minecraft:raw_iron":11,"minecraft:sandstone":6,"minecraft:torch":4,"minecraft:sand":56,"minecraft:cactus":2,"minecraft:rotten_flesh":15,"minecraft:diamond":3,"minecraft:oak_sapling":1,"minecraft:coal":16,"minecraft:cobblestone":57},"minecraft:mined":{"minecraft:diamond_ore":3,"minecraft:crafting_table":2,"minecraft:torch":1,"minecraft:grass_block":4,"minecraft:cobblestone":4,"minecraft:sandstone":5,"minecraft:wall_torch":3,"minecraft:birch_planks":3,"minecraft:furnace":2,"minecraft:birch_log":40,"minecraft:iron_ore":11,"minecraft:birch_leaves":8,"minecraft:andesite":200,"minecraft:grass":3,"minecraft:coal_ore":15,"minecraft:sand":26,"minecraft:dirt":28,"minecraft:stone":49},"minecraft:crafted":{"minecraft:wooden_sword":2,"minecraft:oak_planks":4,"minecraft:wooden_shovel":1,"minecraft:crafting_table":7,"minecraft:wooden_pickaxe":2,"minecraft:furnace":3,"minecraft:birch_planks":156,"minecraft:stone_axe":1,"minecraft:air":0,"minecraft:iron_chestplate":1,"minecraft:shield":1,"minecraft:stick":24,"minecraft:iron_ingot":11,"minecraft:iron_pickaxe":1,"minecraft:stone_pickaxe":1,"minecraft:wooden_axe":3,"minecraft:stone_sword":1,"minecraft:torch":20},"minecraft:killed":{"minecraft:zombie":18},"minecraft:killed_by":{"minecraft:player":4,"minecraft:zombie":1},"minecraft:dropped":{"minecraft:wooden_axe":3,"minecraft:andesite":1,"minecraft:wooden_pickaxe":1},"minecraft:used":{"minecraft:birch_planks":14,"minecraft:stone_pickaxe":68,"minecraft:cactus":2,"minecraft:wooden_pickaxe":39,"minecraft:sandstone":4,"minecraft:wooden_shovel":11,"minecraft:rotten_flesh":5,"minecraft:iron_chestplate":1,"minecraft:torch":6,"minecraft:dirt":10,"minecraft:sand":28,"minecraft:crafting_table":8,"minecraft:wooden_axe":10,"minecraft:birch_sapling":1,"minecraft:iron_pickaxe":197,"minecraft:stone_axe":6,"minecraft:wooden_sword":61,"minecraft:cobblestone":13,"minecraft:oak_sapling":1,"minecraft:furnace":3,"minecraft:andesite":8}},"DataVersion":2724}