{"stats":{"minecraft:killed":{"minecraft:zombie":7},"minecraft:killed_by":{"minecraft:player":3,"minecraft:zombie":2},"minecraft:mined":{"minecraft:crafting_table":4,"minecraft:torch":2,"minecraft:grass_block":14,"minecraft:cobblestone":2,"minecraft:oak_planks":4,"minecraft:wall_torch":2,"minecraft:furnace":1,"minecraft:iron_ore":13,"minecraft:andesite":268,"minecraft:coal_ore":5,"minecraft:oak_log":51,"minecraft:dirt":55,"minecraft:stone":62,"minecraft:oak_leaves":30},"minecraft:used":{"minecraft:stone_sword":79,"minecraft:stone_pickaxe":170,"minecraft:oak_planks":18,"minecraft:wooden_pickaxe":204,"minecraft:rotten_flesh":16,"minecraft:torch":9,"minecraft:dirt":47,"minecraft:crafting_table":11,"minecraft:wooden_axe":21,"minecraft:iron_pickaxe":26,"minecraft:stone_axe":18,"minecraft:bedrock":1,"minecraft:wooden_sword":42,"minecraft:cobblestone":15,"minecraft:furnace":2,"minecraft:oak_sapling":3,"minecraft:porkchop":1,"minecraft:andesite":37},"minecraft:dropped":{"minecraft:stone_sword":2},"minecraft:broken":{"minecraft:stone_pickaxe":1},"minecraft:picked_up":{"minecraft:wooden_axe":4,"minecraft:crafting_table":3,"minecraft:leather_chestplate":1,"minecraft:turtle_helmet":1,"minecraft:andesite":290,"minecraft:wooden_pickaxe":5,"minecraft:bedrock":1,"minecraft:oak_log":62,"minecraft:dirt":102,"minecraft:wooden_sword":2,"minecraft:apple":2,"minecraft:iron_ingot":11,"minecraft:stone_pickaxe":4,"minecraft:iron_ore":17,"minecraft:iron_nugget":8,"minecraft:oak_planks":28,"minecraft:furnace":4,"minecraft:stick":56,"minecraft:torch":49,"minecraft:porkchop":1,"minecraft:stone_sword":5,"minecraft:rotten_flesh":36,"minecraft:stone_axe":1,"minecraft:oak_sapling":24,"minecraft:coal":9,"minecraft:cobblestone":69},"minecraft:custom":{"minecraft:interact_with_furnace":9,"minecraft:mob_kills":7,"minecraft:interact_with_crafting_table":18,"minecraft:play_one_minute":76071,"minecraft:leave_game":3,"minecraft:time_since_death":21211,"minecraft:damage_resisted":1764,"minecraft:time_since_rest":21235,"minecraft:sprint_one_cm":248653,"minecraft:damage_taken":4293,"minecraft:walk_one_cm":223377,"minecraft:drop":2,"minecraft:damage_dealt":7145,"minecraft:player_kills":12,"minecraft:fly_one_cm":221291,"minecraft:open_chest":71,"minecraft:crouch_one_cm":12736,"minecraft:deaths":6,"minecraft:sneak_time":6464,"minecraft:jump":1333,"minecraft:fall_one_cm":19431},"minecraft:crafted":{"minecraft:wooden_sword":1,"minecraft:oak_planks":176,"minecraft:crafting_table":8,"minecraft:wooden_pickaxe":7,"minecraft:furnace":2,"minecraft:stone_axe":1,"minecraft:air":0,"minecraft:stick":32,"minecraft:iron_ingot":7,"minecraft:iron_pickaxe":1,"minecraft:stone_pickaxe":3,"minecraft:wooden_axe":1,"minecraft:stone_sword":2,"minecraft:torch":8}},"DataVersion":2586}