{"stats":{"minecraft:dropped":{"minecraft:torch":1,"minecraft:andesite":23},"minecraft:crafted":{"minecraft:wooden_sword":2,"minecraft:oak_slab":12,"minecraft:oak_planks":120,"minecraft:crafting_table":8,"minecraft:stick":32,"minecraft:wooden_pickaxe":6,"minecraft:stone_pickaxe":3,"minecraft:stone_sword":1,"minecraft:furnace":2},"minecraft:picked_up":{"minecraft:wooden_axe":1,"minecraft:oak_slab":4,"minecraft:crafting_table":7,"minecraft:andesite":173,"minecraft:torch":2,"minecraft:oak_log":39,"minecraft:dirt":79,"minecraft:rotten_flesh":6,"minecraft:iron_ore":2,"minecraft:oak_sapling":3,"minecraft:oak_planks":5,"minecraft:coal":19,"minecraft:cobblestone":74},"minecraft:used":{"minecraft:wooden_axe":4,"minecraft:stone_pickaxe":15,"minecraft:oak_planks":1,"minecraft:wooden_pickaxe":253,"minecraft:rotten_flesh":2,"minecraft:torch":2,"minecraft:wooden_sword":11,"minecraft:dirt":43,"minecraft:oak_slab":13,"minecraft:crafting_table":13,"minecraft:oak_sapling":3,"minecraft:andesite":29},"minecraft:broken":{"minecraft:wooden_pickaxe":3},"minecraft:killed_by":{"minecraft:player":5,"minecraft:zombie":2},"minecraft:mined":{"minecraft:oak_slab":1,"minecraft:oak_sapling":1,"minecraft:iron_ore":1,"minecraft:fire":1,"minecraft:andesite":151,"minecraft:crafting_table":8,"minecraft:grass_block":15,"minecraft:coal_ore":19,"minecraft:oak_log":39,"minecraft:dirt":64,"minecraft:stone":75,"minecraft:wall_torch":1,"minecraft:oak_leaves":10},"minecraft:custom":{"minecraft:time_since_rest":13965,"minecraft:sprint_one_cm":139635,"minecraft:damage_taken":3484,"minecraft:walk_one_cm":106638,"minecraft:drop":24,"minecraft:damage_dealt":1450,"minecraft:player_kills":4,"minecraft:interact_with_crafting_table":18,"minecraft:fly_one_cm":219350,"minecraft:open_chest":80,"minecraft:crouch_one_cm":9186,"minecraft:play_one_minute":60771,"minecraft:deaths":7,"minecraft:sneak_time":6412,"minecraft:jump":844,"minecraft:leave_game":1,"minecraft:time_since_death":13943,"minecraft:damage_resisted":1251,"minecraft:fall_one_cm":16124}},"DataVersion":2586}