{"stats":{"minecraft:picked_up":{"minecraft:raw_iron":1,"minecraft:stick":9,"minecraft:crafting_table":7,"minecraft:clay_ball":4,"minecraft:andesite":216,"minecraft:wooden_pickaxe":3,"minecraft:oak_log":21,"minecraft:dirt":23,"minecraft:apple":1,"minecraft:rotten_flesh":11,"minecraft:wheat_seeds":2,"minecraft:stone_pickaxe":1,"minecraft:iron_ore":3,"minecraft:rose_bush":3,"minecraft:oak_sapling":1,"minecraft:sugar_cane":3,"minecraft:oak_planks":19,"minecraft:coal":18,"minecraft:cobblestone":24},"minecraft:custom":{"minecraft:time_since_rest":14008,"minecraft:interact_with_furnace":3,"minecraft:sprint_one_cm":99901,"minecraft:damage_taken":8214,"minecraft:walk_one_cm":122925,"minecraft:mob_kills":4,"minecraft:damage_dealt":2919,"minecraft:swim_one_cm":36935,"minecraft:interact_with_crafting_table":8,"minecraft:fly_one_cm":456495,"minecraft:player_kills":4,"minecraft:crouch_one_cm":5213,"minecraft:play_time":88657,"minecraft:deaths":8,"minecraft:sneak_time":6470,"minecraft:walk_under_water_one_cm":6320,"minecraft:jump":679,"minecraft:leave_game":4,"minecraft:time_since_death":13982,"minecraft:walk_on_water_one_cm":22347,"minecraft:total_world_time":42727,"minecraft:damage_resisted":2084,"minecraft:fall_one_cm":46791},"minecraft:mined":{"minecraft:iron_ore":4,"minecraft:andesite":141,"minecraft:crafting_table":4,"minecraft:grass":6,"minecraft:grass_block":7,"minecraft:oak_log":22,"minecraft:coal_ore":17,"minecraft:rose_bush":1,"minecraft:dirt":16,"minecraft:stone":25,"minecraft:sugar_cane":1,"minecraft:oak_planks":5,"minecraft:oak_leaves":11},"minecraft:crafted":{"minecraft:oak_planks":76,"minecraft:crafting_table":6,"minecraft:stick":20,"minecraft:wooden_pickaxe":3,"minecraft:stone_pickaxe":1,"minecraft:wooden_axe":4,"minecraft:furnace":1,"minecraft:torch":20},"minecraft:killed":{"minecraft:zombie":3,"minecraft:player":3},"minecraft:killed_by":{"minecraft:player":4,"minecraft:zombie":1},"minecraft:used":{"minecraft:wooden_axe":36,"minecraft:apple":1,"minecraft:stone_pickaxe":123,"minecraft:oak_sign":1,"minecraft:oak_planks":1,"minecraft:wooden_pickaxe":70,"minecraft:torch":3,"minecraft:dirt":13,"minecraft:cobblestone":5,"minecraft:crafting_table":7,"minecraft:furnace":1,"minecraft:andesite":29}},"DataVersion":2724}