{"stats":{"minecraft:custom":{"minecraft:interact_with_furnace":36,"minecraft:mob_kills":12,"minecraft:interact_with_crafting_table":79,"minecraft:leave_game":9,"minecraft:time_since_death":5449,"minecraft:damage_resisted":8688,"minecraft:time_since_rest":5484,"minecraft:sprint_one_cm":690401,"minecraft:damage_taken":26019,"minecraft:walk_one_cm":530534,"minecraft:drop":17,"minecraft:damage_dealt":5108,"minecraft:swim_one_cm":13337,"minecraft:fly_one_cm":873493,"minecraft:player_kills":8,"minecraft:crouch_one_cm":3215,"minecraft:play_time":303070,"minecraft:deaths":42,"minecraft:sneak_time":3130,"minecraft:walk_under_water_one_cm":8434,"minecraft:jump":3330,"minecraft:walk_on_water_one_cm":19443,"minecraft:total_world_time":182921,"minecraft:fall_one_cm":135021},"minecraft:picked_up":{"minecraft:wooden_axe":11,"minecraft:birch_log":62,"minecraft:crafting_table":33,"minecraft:andesite":726,"minecraft:wooden_pickaxe":21,"minecraft:birch_planks":82,"minecraft:flint":2,"minecraft:oak_log":65,"minecraft:shield":1,"minecraft:dirt":116,"minecraft:wooden_sword":6,"minecraft:apple":1,"minecraft:wheat_seeds":17,"minecraft:raw_gold":5,"minecraft:iron_ingot":3,"minecraft:stone_pickaxe":2,"minecraft:iron_ore":10,"minecraft:rose_bush":2,"minecraft:sugar_cane":12,"minecraft:birch_sapling":24,"minecraft:oak_planks":66,"minecraft:furnace":4,"minecraft:stick":61,"minecraft:raw_iron":21,"minecraft:sandstone":30,"minecraft:torch":2,"minecraft:gravel":7,"minecraft:sand":60,"minecraft:cactus":2,"minecraft:rotten_flesh":76,"minecraft:diamond":6,"minecraft:stone_axe":2,"minecraft:oak_sapling":10,"minecraft:coal":69,"minecraft:cobblestone":182},"minecraft:broken":{"minecraft:wooden_sword":1,"minecraft:wooden_axe":1,"minecraft:wooden_pickaxe":2},"minecraft:mined":{"minecraft:diamond_ore":5,"minecraft:crafting_table":24,"minecraft:grass_block":19,"minecraft:dead_bush":3,"minecraft:rose_bush":1,"minecraft:tall_grass":12,"minecraft:cobblestone":5,"minecraft:oak_planks":4,"minecraft:sandstone":31,"minecraft:wall_torch":2,"minecraft:birch_planks":5,"minecraft:furnace":4,"minecraft:birch_log":59,"minecraft:iron_ore":27,"minecraft:fire":13,"minecraft:andesite":744,"minecraft:birch_leaves":13,"minecraft:grass":45,"minecraft:oak_log":60,"minecraft:coal_ore":68,"minecraft:gravel":9,"minecraft:sand":51,"minecraft:dirt":39,"minecraft:stone":169,"minecraft:gold_ore":5,"minecraft:oak_leaves":43},"minecraft:crafted":{"minecraft:oak_planks":180,"minecraft:wooden_shovel":1,"minecraft:crafting_table":14,"minecraft:wooden_pickaxe":18,"minecraft:smooth_sandstone":8,"minecraft:furnace":6,"minecraft:birch_planks":216,"minecraft:stone_axe":3,"minecraft:air":0,"minecraft:flint_and_steel":1,"minecraft:stick":112,"minecraft:iron_ingot":18,"minecraft:iron_pickaxe":4,"minecraft:stone_pickaxe":9,"minecraft:wooden_axe":4,"minecraft:torch":28},"minecraft:killed":{"minecraft:zombie":7,"minecraft:player":5},"minecraft:killed_by":{"minecraft:player":23,"minecraft:zombie":17},"minecraft:used":{"minecraft:flint_and_steel":24,"minecraft:birch_planks":37,"minecraft:stone_pickaxe":574,"minecraft:oak_sign":2,"minecraft:oak_planks":26,"minecraft:cactus":1,"minecraft:wooden_pickaxe":420,"minecraft:sandstone":13,"minecraft:wooden_shovel":4,"minecraft:rotten_flesh":12,"minecraft:torch":6,"minecraft:sand":41,"minecraft:dirt":27,"minecraft:crafting_table":29,"minecraft:oak_log":3,"minecraft:wooden_axe":41,"minecraft:iron_pickaxe":162,"minecraft:birch_sapling":4,"minecraft:stone_axe":46,"minecraft:wooden_sword":30,"minecraft:cobblestone":5,"minecraft:furnace":8,"minecraft:oak_sapling":1,"minecraft:birch_log":2,"minecraft:andesite":61},"minecraft:dropped":{"minecraft:birch_planks":2,"minecraft:crafting_table":2,"minecraft:cobblestone":1,"minecraft:oak_planks":4,"minecraft:andesite":7,"minecraft:wooden_axe":1,"minecraft:stone_pickaxe":1}},"DataVersion":2724}