{"stats":{"minecraft:used":{"minecraft:stone_sword":103,"minecraft:birch_planks":26,"minecraft:stone_pickaxe":435,"minecraft:stone_shovel":10,"minecraft:polished_andesite":7,"minecraft:poppy":1,"minecraft:oak_planks":15,"minecraft:andesite_slab":19,"minecraft:wooden_pickaxe":242,"minecraft:sandstone":5,"minecraft:wooden_shovel":9,"minecraft:rotten_flesh":13,"minecraft:torch":18,"minecraft:dirt":139,"minecraft:sand":10,"minecraft:crafting_table":25,"minecraft:oak_log":1,"minecraft:wooden_axe":179,"minecraft:diamond_pickaxe":27,"minecraft:iron_pickaxe":138,"minecraft:gravel":11,"minecraft:stone_axe":9,"minecraft:wooden_sword":125,"minecraft:cobblestone":1,"minecraft:oak_sapling":3,"minecraft:furnace":2,"minecraft:andesite":117},"minecraft:killed":{"minecraft:zombie":25,"minecraft:player":16},"minecraft:picked_up":{"minecraft:wooden_axe":4,"minecraft:birch_log":126,"minecraft:crafting_table":13,"minecraft:azure_bluet":4,"minecraft:andesite":696,"minecraft:wooden_pickaxe":14,"minecraft:birch_planks":34,"minecraft:flint":2,"minecraft:oak_log":31,"minecraft:shield":1,"minecraft:dirt":258,"minecraft:stripped_birch_log":1,"minecraft:iron_axe":1,"minecraft:wooden_sword":3,"minecraft:wheat_seeds":24,"minecraft:spruce_planks":10,"minecraft:iron_ingot":7,"minecraft:stone_pickaxe":5,"minecraft:iron_ore":30,"minecraft:poppy":6,"minecraft:iron_pickaxe":3,"minecraft:birch_sapling":10,"minecraft:oak_planks":52,"minecraft:furnace":2,"minecraft:stick":35,"minecraft:sandstone":12,"minecraft:torch":26,"minecraft:gravel":13,"minecraft:sand":28,"minecraft:rotten_flesh":82,"minecraft:diamond":3,"minecraft:oak_sapling":13,"minecraft:coal":86,"minecraft:andesite_slab":2,"minecraft:cobblestone":196,"minecraft:diamond_pickaxe":1},"minecraft:killed_by":{"minecraft:player":25,"minecraft:zombie":13},"minecraft:mined":{"minecraft:diamond_ore":3,"minecraft:stripped_birch_log":1,"minecraft:crafting_table":8,"minecraft:torch":4,"minecraft:grass_block":39,"minecraft:poppy":4,"minecraft:andesite_slab":1,"minecraft:tall_grass":30,"minecraft:cobblestone":1,"minecraft:oak_planks":14,"minecraft:sandstone":8,"minecraft:wall_torch":6,"minecraft:birch_planks":11,"minecraft:birch_log":126,"minecraft:iron_ore":21,"minecraft:birch_leaves":22,"minecraft:andesite":527,"minecraft:azure_bluet":5,"minecraft:grass":97,"minecraft:oak_log":32,"minecraft:coal_ore":62,"minecraft:sand":25,"minecraft:gravel":20,"minecraft:dirt":162,"minecraft:stone":124,"minecraft:oak_leaves":17},"minecraft:broken":{"minecraft:wooden_sword":1,"minecraft:wooden_axe":1,"minecraft:wooden_pickaxe":1},"minecraft:custom":{"minecraft:interact_with_furnace":14,"minecraft:mob_kills":43,"minecraft:interact_with_crafting_table":59,"minecraft:leave_game":25,"minecraft:time_since_death":234,"minecraft:damage_resisted":21831,"minecraft:time_since_rest":397,"minecraft:sprint_one_cm":112140,"minecraft:damage_taken":21917,"minecraft:walk_one_cm":652695,"minecraft:drop":57,"minecraft:damage_dealt":13201,"minecraft:swim_one_cm":9626,"minecraft:fly_one_cm":210950,"minecraft:player_kills":17,"minecraft:crouch_one_cm":35255,"minecraft:play_time":595089,"minecraft:deaths":48,"minecraft:sneak_time":20368,"minecraft:walk_under_water_one_cm":15460,"minecraft:jump":2038,"minecraft:walk_on_water_one_cm":27643,"minecraft:total_world_time":19386,"minecraft:fall_one_cm":231540},"minecraft:dropped":{"minecraft:birch_planks":3,"minecraft:wheat_seeds":1,"minecraft:oak_log":1,"minecraft:andesite_slab":1,"minecraft:crafting_table":1,"minecraft:rotten_flesh":2,"minecraft:oak_planks":2,"minecraft:coal":3,"minecraft:stick":7,"minecraft:poppy":2,"minecraft:dirt":1,"minecraft:torch":5,"minecraft:wooden_axe":1,"minecraft:andesite":21,"minecraft:oak_sapling":3,"minecraft:wooden_sword":2,"minecraft:sandstone":1,"minecraft:iron_ore":1,"minecraft:wooden_pickaxe":5,"minecraft:stone_pickaxe":2,"minecraft:birch_log":3},"minecraft:crafted":{"minecraft:wooden_sword":6,"minecraft:oak_planks":96,"minecraft:wooden_shovel":1,"minecraft:stone_shovel":2,"minecraft:crafting_table":30,"minecraft:wooden_pickaxe":17,"minecraft:furnace":1,"minecraft:birch_planks":436,"minecraft:stone_axe":2,"minecraft:air":0,"minecraft:stick":116,"minecraft:andesite_slab":18,"minecraft:iron_ingot":7,"minecraft:iron_pickaxe":3,"minecraft:stone_pickaxe":7,"minecraft:wooden_axe":9,"minecraft:stone_sword":4,"minecraft:torch":36,"minecraft:polished_andesite":52}},"DataVersion":2724}