{"stats":{"minecraft:killed":{"minecraft:zombie":10},"minecraft:broken":{"minecraft:stone_pickaxe":12,"minecraft:iron_pickaxe":1,"minecraft:flint_and_steel":1,"minecraft:leather_chestplate":1,"minecraft:wooden_pickaxe":1},"minecraft:dropped":{"minecraft:iron_ingot":3,"minecraft:iron_nugget":2,"minecraft:stone_sword":1,"minecraft:crafting_table":9,"minecraft:cobblestone":2,"minecraft:rotten_flesh":4,"minecraft:oak_planks":7,"minecraft:leather_chestplate":4,"minecraft:turtle_helmet":2,"minecraft:andesite":39,"minecraft:wooden_pickaxe":1,"minecraft:stone_pickaxe":4},"minecraft:used":{"minecraft:oak_trapdoor":1,"minecraft:stone_sword":220,"minecraft:flint_and_steel":1,"minecraft:stone_pickaxe":1262,"minecraft:oak_planks":125,"minecraft:wooden_pickaxe":274,"minecraft:iron_sword":8,"minecraft:rotten_flesh":41,"minecraft:torch":52,"minecraft:dirt":100,"minecraft:tnt":3,"minecraft:crafting_table":46,"minecraft:oak_log":2,"minecraft:wooden_axe":11,"minecraft:apple":1,"minecraft:iron_pickaxe":600,"minecraft:netherite_axe":8,"minecraft:stone_axe":23,"minecraft:bedrock":10,"minecraft:wooden_sword":45,"minecraft:cobblestone":77,"minecraft:oak_sapling":1,"minecraft:furnace":4,"minecraft:porkchop":5,"minecraft:andesite":420,"minecraft:netherite_pickaxe":553},"minecraft:killed_by":{"minecraft:player":44,"minecraft:zombie":1},"minecraft:crafted":{"minecraft:wooden_sword":7,"minecraft:oak_planks":324,"minecraft:crafting_table":15,"minecraft:wooden_pickaxe":10,"minecraft:iron_sword":1,"minecraft:furnace":2,"minecraft:stone_axe":6,"minecraft:air":0,"minecraft:oak_trapdoor":2,"minecraft:stick":140,"minecraft:iron_ingot":11,"minecraft:iron_pickaxe":3,"minecraft:stone_pickaxe":14,"minecraft:stone_sword":17,"minecraft:torch":80},"minecraft:picked_up":{"minecraft:wooden_axe":9,"minecraft:leather_chestplate":10,"minecraft:crafting_table":50,"minecraft:turtle_helmet":8,"minecraft:andesite":2343,"minecraft:wooden_pickaxe":11,"minecraft:bedrock":4,"minecraft:oak_log":104,"minecraft:dirt":185,"minecraft:oak_trapdoor":2,"minecraft:wooden_sword":7,"minecraft:apple":2,"minecraft:iron_ingot":4,"minecraft:stone_pickaxe":11,"minecraft:iron_ore":35,"minecraft:netherite_axe":1,"minecraft:iron_nugget":29,"minecraft:chest":2,"minecraft:oak_planks":161,"minecraft:furnace":4,"minecraft:stick":63,"minecraft:torch":34,"minecraft:porkchop":6,"minecraft:netherite_pickaxe":5,"minecraft:stone_sword":8,"minecraft:rotten_flesh":174,"minecraft:diamond":1,"minecraft:stone_axe":3,"minecraft:oak_sapling":12,"minecraft:coal":68,"minecraft:cobblestone":360},"minecraft:custom":{"minecraft:interact_with_furnace":19,"minecraft:mob_kills":15,"minecraft:interact_with_crafting_table":70,"minecraft:play_one_minute":379659,"minecraft:leave_game":6,"minecraft:time_since_death":50595,"minecraft:damage_resisted":7962,"minecraft:time_since_rest":50617,"minecraft:sprint_one_cm":609783,"minecraft:damage_taken":270186,"minecraft:walk_one_cm":628104,"minecraft:drop":39,"minecraft:damage_dealt":18040,"minecraft:fly_one_cm":1279016,"minecraft:player_kills":65,"minecraft:open_chest":238,"minecraft:crouch_one_cm":209969,"minecraft:deaths":100,"minecraft:sneak_time":70603,"minecraft:jump":5297,"minecraft:fall_one_cm":2522208},"minecraft:mined":{"minecraft:diamond_ore":1,"minecraft:crafting_table":29,"minecraft:torch":3,"minecraft:grass_block":28,"minecraft:chest":2,"minecraft:cobblestone":19,"minecraft:oak_planks":14,"minecraft:wall_torch":15,"minecraft:furnace":4,"minecraft:iron_ore":25,"minecraft:fire":1,"minecraft:andesite":2288,"minecraft:oak_log":92,"minecraft:coal_ore":49,"minecraft:dirt":105,"minecraft:stone":239,"minecraft:green_wool":1,"minecraft:oak_leaves":48}},"DataVersion":2586}