{"stats":{"minecraft:used":{"minecraft:oak_fence":26,"minecraft:jack_o_lantern":2,"minecraft:red_sand":2,"minecraft:stone_sword":12,"minecraft:flint_and_steel":1,"minecraft:melon":1,"minecraft:ladder":15,"minecraft:oak_sign":13,"minecraft:iron_sword":4,"minecraft:quartz_stairs":25,"minecraft:rotten_flesh":28,"minecraft:torch":35,"minecraft:dirt":84,"minecraft:polished_diorite":1,"minecraft:glass":2,"minecraft:wooden_axe":72,"minecraft:packed_ice":2,"minecraft:sea_lantern":134,"minecraft:coal_ore":2,"minecraft:bookshelf":3,"minecraft:red_wool":2,"minecraft:quartz_slab":93,"minecraft:iron_block":1,"minecraft:lantern":6,"minecraft:grass_block":1,"minecraft:slime_block":12,"minecraft:green_wool":2,"minecraft:quartz_block":424,"minecraft:mossy_cobblestone_slab":4,"minecraft:raw_gold_block":1,"minecraft:bedrock":1,"minecraft:deepslate_diamond_ore":1,"minecraft:raw_copper_block":1,"minecraft:glowstone":63,"minecraft:honeycomb_block":1,"minecraft:emerald_block":1,"minecraft:furnace":8,"minecraft:gold_block":1,"minecraft:infested_cobblestone":1,"minecraft:acacia_planks":3,"minecraft:emerald_ore":1,"minecraft:water_bucket":14,"minecraft:warped_stem":1,"minecraft:end_rod":1,"minecraft:amethyst_block":2,"minecraft:end_stone_bricks":1,"minecraft:iron_ore":2,"minecraft:dirt_path":1,"minecraft:lodestone":1,"minecraft:birch_planks":17,"minecraft:stone_pickaxe":590,"minecraft:oak_planks":26,"minecraft:copper_block":1,"minecraft:waxed_oxidized_cut_copper":2,"minecraft:wooden_pickaxe":262,"minecraft:sandstone":10,"minecraft:redstone_block":126,"minecraft:gilded_blackstone":2,"minecraft:oak_leaves":26,"minecraft:diamond_block":1,"minecraft:sand":27,"minecraft:vine":8,"minecraft:tnt":1,"minecraft:crafting_table":32,"minecraft:loom":1,"minecraft:deepslate_redstone_ore":1,"minecraft:campfire":17,"minecraft:painting":6,"minecraft:end_stone":1,"minecraft:warped_planks":1,"minecraft:oak_log":1,"minecraft:diamond_pickaxe":121,"minecraft:stripped_jungle_log":3,"minecraft:gray_shulker_box":1,"minecraft:iron_pickaxe":288,"minecraft:white_glazed_terracotta":2,"minecraft:polished_granite":2,"minecraft:deepslate":2,"minecraft:stone_axe":12,"minecraft:wooden_sword":202,"minecraft:cobblestone":48,"minecraft:potion":1,"minecraft:bucket":7,"minecraft:andesite":73,"minecraft:coarse_dirt":1},"minecraft:killed_by":{"minecraft:player":20,"minecraft:zombie":5},"minecraft:crafted":{"minecraft:wooden_sword":14,"minecraft:oak_planks":76,"minecraft:furnace":7,"minecraft:stone_pickaxe":8,"minecraft:netherite_scrap":4,"minecraft:crafting_table":22,"minecraft:wooden_pickaxe":9,"minecraft:iron_sword":2,"minecraft:birch_planks":312,"minecraft:stone_axe":1,"minecraft:air":0,"minecraft:diamond_pickaxe":2,"minecraft:shield":3,"minecraft:stick":116,"minecraft:iron_pickaxe":5,"minecraft:iron_ingot":27,"minecraft:wooden_axe":6,"minecraft:stone_sword":3,"minecraft:gold_ingot":5,"minecraft:netherite_ingot":1,"minecraft:torch":8},"minecraft:killed":{"minecraft:zombie":22},"minecraft:mined":{"minecraft:diamond_ore":8,"minecraft:grass_block":22,"minecraft:sandstone":20,"minecraft:furnace":2,"minecraft:iron_ore":56,"minecraft:fire":9,"minecraft:andesite":727,"minecraft:stone":270,"minecraft:crafting_table":8,"minecraft:torch":1,"minecraft:dead_bush":1,"minecraft:cobblestone":4,"minecraft:tall_grass":5,"minecraft:oak_planks":1,"minecraft:birch_log":78,"minecraft:birch_leaves":10,"minecraft:grass":40,"minecraft:coal_ore":84,"minecraft:oak_log":31,"minecraft:dirt":94,"minecraft:sand":51,"minecraft:gravel":2,"minecraft:ancient_debris":5,"minecraft:gold_ore":39,"minecraft:oak_leaves":16},"minecraft:custom":{"minecraft:mob_kills":26,"minecraft:interact_with_crafting_table":77,"minecraft:leave_game":15,"minecraft:time_since_death":115600,"minecraft:climb_one_cm":2905,"minecraft:damage_resisted":9406,"minecraft:sprint_one_cm":534802,"minecraft:walk_one_cm":529900,"minecraft:drop":17,"minecraft:play_time":316449,"minecraft:deaths":28,"minecraft:sneak_time":14680,"minecraft:walk_under_water_one_cm":4799,"minecraft:jump":3140,"minecraft:walk_on_water_one_cm":8766,"minecraft:total_world_time":236682,"minecraft:interact_with_furnace":42,"minecraft:time_since_rest":115623,"minecraft:damage_taken":21728,"minecraft:damage_dealt":12718,"minecraft:swim_one_cm":15427,"minecraft:fly_one_cm":687771,"minecraft:player_kills":22,"minecraft:open_chest":46,"minecraft:crouch_one_cm":25788,"minecraft:fall_one_cm":125594},"minecraft:dropped":{"minecraft:netherite_pickaxe":1,"minecraft:birch_planks":2,"minecraft:crafting_table":1,"minecraft:stick":7,"minecraft:dirt":5,"minecraft:iron_nugget":3,"minecraft:rotten_flesh":4,"minecraft:oak_planks":3,"minecraft:andesite":1,"minecraft:stone_pickaxe":3,"minecraft:wooden_pickaxe":1},"minecraft:broken":{"minecraft:flint_and_steel":1,"minecraft:stone_pickaxe":2,"minecraft:wooden_sword":1},"minecraft:picked_up":{"minecraft:wooden_axe":5,"minecraft:iron_chestplate":1,"minecraft:crafting_table":14,"minecraft:wooden_pickaxe":7,"minecraft:shield":1,"minecraft:wooden_sword":11,"minecraft:wooden_shovel":1,"minecraft:iron_nugget":8,"minecraft:iron_pickaxe":4,"minecraft:birch_sapling":13,"minecraft:furnace":2,"minecraft:stick":44,"minecraft:raw_iron":42,"minecraft:sandstone":21,"minecraft:torch":18,"minecraft:netherite_pickaxe":1,"minecraft:rotten_flesh":67,"minecraft:cobblestone":395,"minecraft:birch_log":85,"minecraft:andesite":834,"minecraft:birch_planks":64,"minecraft:oak_log":30,"minecraft:ancient_debris":5,"minecraft:dirt":149,"minecraft:lantern":1,"minecraft:wheat_seeds":10,"minecraft:raw_gold":44,"minecraft:iron_ingot":2,"minecraft:stone_pickaxe":7,"minecraft:iron_ore":13,"minecraft:oak_planks":27,"minecraft:gravel":3,"minecraft:sand":50,"minecraft:diamond":10,"minecraft:stone_axe":3,"minecraft:oak_sapling":3,"minecraft:coal":109}},"DataVersion":2865}