{"stats":{"minecraft:picked_up":{"minecraft:wooden_axe":1,"minecraft:stick":14,"minecraft:crafting_table":7,"minecraft:andesite":712,"minecraft:torch":25,"minecraft:wooden_pickaxe":7,"minecraft:birch_planks":23,"minecraft:oak_log":13,"minecraft:dirt":22,"minecraft:wooden_sword":3,"minecraft:polished_andesite":45,"minecraft:rotten_flesh":29,"minecraft:diamond":10,"minecraft:stone_axe":2,"minecraft:wheat_seeds":2,"minecraft:iron_ingot":3,"minecraft:stone_pickaxe":5,"minecraft:iron_ore":28,"minecraft:iron_pickaxe":2,"minecraft:oak_sapling":4,"minecraft:oak_planks":36,"minecraft:coal":85,"minecraft:cobblestone":139,"minecraft:furnace":2},"minecraft:broken":{"minecraft:stone_pickaxe":4,"minecraft:wooden_pickaxe":1},"minecraft:used":{"minecraft:stone_sword":25,"minecraft:stone_pickaxe":447,"minecraft:iron_pickaxe":269,"minecraft:wooden_pickaxe":104,"minecraft:torch":45,"minecraft:stone_axe":1,"minecraft:dirt":18,"minecraft:crafting_table":5,"minecraft:furnace":3,"minecraft:andesite":55},"minecraft:killed":{"minecraft:zombie":1,"minecraft:player":6},"minecraft:mined":{"minecraft:diamond_ore":10,"minecraft:furnace":2,"minecraft:iron_ore":25,"minecraft:andesite":586,"minecraft:torch":8,"minecraft:crafting_table":3,"minecraft:grass":5,"minecraft:coal_ore":56,"minecraft:grass_block":4,"minecraft:oak_log":10,"minecraft:dirt":10,"minecraft:stone":127,"minecraft:wall_torch":7,"minecraft:oak_leaves":1},"minecraft:custom":{"minecraft:time_since_rest":73472,"minecraft:interact_with_furnace":12,"minecraft:sprint_one_cm":5664,"minecraft:damage_taken":4132,"minecraft:walk_one_cm":200010,"minecraft:mob_kills":1,"minecraft:drop":6,"minecraft:damage_dealt":1480,"minecraft:interact_with_crafting_table":13,"minecraft:fly_one_cm":109902,"minecraft:player_kills":6,"minecraft:play_one_minute":73472,"minecraft:crouch_one_cm":19507,"minecraft:sneak_time":10280,"minecraft:walk_under_water_one_cm":110,"minecraft:jump":652,"minecraft:leave_game":6,"minecraft:time_since_death":73472,"minecraft:walk_on_water_one_cm":2356,"minecraft:damage_resisted":1776,"minecraft:fall_one_cm":18845},"minecraft:dropped":{"minecraft:andesite":3,"minecraft:stone_pickaxe":1,"minecraft:iron_pickaxe":2},"minecraft:crafted":{"minecraft:oak_planks":40,"minecraft:crafting_table":3,"minecraft:stick":52,"minecraft:wooden_pickaxe":2,"minecraft:iron_ingot":13,"minecraft:iron_pickaxe":3,"minecraft:stone_pickaxe":2,"minecraft:stone_sword":2,"minecraft:furnace":2,"minecraft:torch":112,"minecraft:stone_axe":1,"minecraft:air":0}},"DataVersion":2586}