{"stats":{"minecraft:killed_by":{"minecraft:zombie":1},"minecraft:mined":{"minecraft:diamond_ore":1,"minecraft:furnace":2,"minecraft:iron_ore":27,"minecraft:birch_log":2,"minecraft:andesite":572,"minecraft:torch":15,"minecraft:crafting_table":10,"minecraft:grass":4,"minecraft:coal_ore":62,"minecraft:oak_log":31,"minecraft:grass_block":4,"minecraft:gravel":28,"minecraft:dirt":17,"minecraft:tall_grass":1,"minecraft:stone":81,"minecraft:oak_leaves":9,"minecraft:wall_torch":1},"minecraft:picked_up":{"minecraft:birch_log":3,"minecraft:raw_iron":27,"minecraft:crafting_table":10,"minecraft:andesite":568,"minecraft:torch":16,"minecraft:wooden_pickaxe":1,"minecraft:gravel":45,"minecraft:flint":1,"minecraft:oak_log":30,"minecraft:dirt":21,"minecraft:apple":1,"minecraft:diamond":1,"minecraft:wheat_seeds":1,"minecraft:iron_ingot":1,"minecraft:oak_sapling":2,"minecraft:coal":86,"minecraft:cobblestone":80,"minecraft:furnace":2},"minecraft:crafted":{"minecraft:oak_planks":104,"minecraft:wooden_shovel":1,"minecraft:crafting_table":4,"minecraft:stick":32,"minecraft:iron_pickaxe":2,"minecraft:iron_ingot":6,"minecraft:wooden_pickaxe":3,"minecraft:stone_pickaxe":4,"minecraft:wooden_axe":2,"minecraft:furnace":2,"minecraft:torch":16,"minecraft:air":0},"minecraft:custom":{"minecraft:time_since_rest":19869,"minecraft:interact_with_furnace":7,"minecraft:sprint_one_cm":109844,"minecraft:damage_taken":1669,"minecraft:walk_one_cm":141283,"minecraft:drop":7,"minecraft:damage_dealt":213,"minecraft:interact_with_crafting_table":12,"minecraft:swim_one_cm":1875,"minecraft:fly_one_cm":130030,"minecraft:crouch_one_cm":392,"minecraft:play_time":66615,"minecraft:deaths":2,"minecraft:sneak_time":616,"minecraft:walk_under_water_one_cm":6457,"minecraft:jump":731,"minecraft:leave_game":1,"minecraft:walk_on_water_one_cm":3072,"minecraft:time_since_death":19847,"minecraft:climb_one_cm":4714,"minecraft:total_world_time":66615,"minecraft:damage_resisted":1770,"minecraft:fall_one_cm":44635},"minecraft:used":{"minecraft:wooden_axe":8,"minecraft:apple":1,"minecraft:stone_pickaxe":474,"minecraft:iron_pickaxe":188,"minecraft:wooden_pickaxe":150,"minecraft:wooden_shovel":4,"minecraft:torch":17,"minecraft:dirt":1,"minecraft:crafting_table":11,"minecraft:furnace":2,"minecraft:andesite":12},"minecraft:dropped":{"minecraft:wheat_seeds":1,"minecraft:oak_planks":6},"minecraft:broken":{"minecraft:stone_pickaxe":2,"minecraft:wooden_pickaxe":2}},"DataVersion":2975}