{"stats":{"minecraft:killed_by":{"minecraft:player":65,"minecraft:zombie":14},"minecraft:mined":{"minecraft:diamond_ore":14,"minecraft:oak_slab":4,"minecraft:oak_sapling":1,"minecraft:crafting_table":30,"minecraft:torch":5,"minecraft:grass_block":61,"minecraft:dead_bush":16,"minecraft:tall_grass":4,"minecraft:cobblestone":2,"minecraft:sugar_cane":1,"minecraft:sandstone":48,"minecraft:wall_torch":4,"minecraft:birch_sapling":1,"minecraft:seagrass":1,"minecraft:cactus":1,"minecraft:birch_planks":14,"minecraft:oak_trapdoor":2,"minecraft:furnace":6,"minecraft:birch_log":42,"minecraft:iron_ore":48,"minecraft:fire":4,"minecraft:birch_leaves":24,"minecraft:andesite":1261,"minecraft:grass":23,"minecraft:oak_log":63,"minecraft:coal_ore":82,"minecraft:gravel":6,"minecraft:sand":88,"minecraft:dirt":175,"minecraft:stone":237,"minecraft:ancient_debris":5,"minecraft:gold_ore":20,"minecraft:oak_leaves":46},"minecraft:picked_up":{"minecraft:wooden_axe":8,"minecraft:birch_log":44,"minecraft:crafting_table":39,"minecraft:leather_chestplate":2,"minecraft:andesite":1793,"minecraft:wooden_pickaxe":17,"minecraft:birch_planks":66,"minecraft:bedrock":1,"minecraft:oak_log":80,"minecraft:ancient_debris":5,"minecraft:dirt":242,"minecraft:oak_trapdoor":2,"minecraft:wooden_sword":6,"minecraft:apple":6,"minecraft:wheat_seeds":6,"minecraft:raw_gold":20,"minecraft:iron_ingot":4,"minecraft:stone_pickaxe":5,"minecraft:iron_ore":17,"minecraft:redstone_torch":2,"minecraft:iron_nugget":20,"minecraft:iron_pickaxe":4,"minecraft:sugar_cane":7,"minecraft:birch_sapling":42,"minecraft:oak_planks":48,"minecraft:furnace":8,"minecraft:oak_slab":4,"minecraft:stick":89,"minecraft:raw_iron":43,"minecraft:sandstone":63,"minecraft:stone":2,"minecraft:torch":39,"minecraft:gravel":9,"minecraft:sand":110,"minecraft:crimson_button":1,"minecraft:polished_andesite":52,"minecraft:stone_sword":1,"minecraft:cactus":4,"minecraft:rotten_flesh":198,"minecraft:diamond":15,"minecraft:stone_axe":3,"minecraft:oak_sapling":26,"minecraft:coal":141,"minecraft:cobblestone":335},"minecraft:killed":{"minecraft:zombie":17,"minecraft:player":12},"minecraft:crafted":{"minecraft:wooden_sword":3,"minecraft:smooth_stone":9,"minecraft:oak_planks":244,"minecraft:smooth_stone_slab":6,"minecraft:diamond_axe":1,"minecraft:crafting_table":21,"minecraft:wooden_pickaxe":16,"minecraft:iron_sword":1,"minecraft:furnace":5,"minecraft:blast_furnace":1,"minecraft:stone":13,"minecraft:birch_planks":160,"minecraft:stone_axe":2,"minecraft:air":0,"minecraft:oak_trapdoor":2,"minecraft:hopper":1,"minecraft:diamond_pickaxe":1,"minecraft:shield":1,"minecraft:stick":96,"minecraft:iron_ingot":27,"minecraft:iron_pickaxe":3,"minecraft:stone_pickaxe":8,"minecraft:wooden_axe":3,"minecraft:stone_sword":1,"minecraft:chest":1,"minecraft:stonecutter":1,"minecraft:gold_ingot":4,"minecraft:netherite_ingot":1,"minecraft:netherite_scrap":4,"minecraft:torch":16},"minecraft:custom":{"minecraft:interact_with_furnace":55,"minecraft:mob_kills":28,"minecraft:interact_with_crafting_table":71,"minecraft:interact_with_stonecutter":1,"minecraft:leave_game":18,"minecraft:time_since_death":42067,"minecraft:climb_one_cm":5641,"minecraft:damage_resisted":15430,"minecraft:time_since_rest":42096,"minecraft:sprint_one_cm":782377,"minecraft:damage_taken":41230,"minecraft:walk_one_cm":532091,"minecraft:damage_blocked_by_shield":202,"minecraft:drop":4,"minecraft:damage_dealt":18180,"minecraft:swim_one_cm":59859,"minecraft:player_kills":34,"minecraft:fly_one_cm":879935,"minecraft:open_chest":50,"minecraft:play_time":320493,"minecraft:crouch_one_cm":87843,"minecraft:deaths":88,"minecraft:sneak_time":49985,"minecraft:walk_under_water_one_cm":23001,"minecraft:jump":5535,"minecraft:interact_with_blast_furnace":5,"minecraft:walk_on_water_one_cm":32184,"minecraft:total_world_time":155464,"minecraft:fall_one_cm":221415},"minecraft:used":{"minecraft:oak_trapdoor":2,"minecraft:stone_sword":37,"minecraft:birch_planks":9,"minecraft:redstone":3,"minecraft:stone_pickaxe":552,"minecraft:oak_planks":32,"minecraft:oak_sign":1,"minecraft:wooden_pickaxe":459,"minecraft:shield":4,"minecraft:sandstone":13,"minecraft:iron_sword":13,"minecraft:stonecutter":1,"minecraft:diamond_axe":3,"minecraft:rotten_flesh":15,"minecraft:torch":24,"minecraft:sand":46,"minecraft:dirt":137,"minecraft:oak_slab":1,"minecraft:crafting_table":38,"minecraft:blast_furnace":1,"minecraft:crimson_button":1,"minecraft:redstone_torch":2,"minecraft:diamond_pickaxe":110,"minecraft:wooden_axe":47,"minecraft:oak_log":1,"minecraft:apple":2,"minecraft:command_block":1,"minecraft:grass_block":3,"minecraft:iron_pickaxe":756,"minecraft:birch_sapling":5,"minecraft:chiseled_stone_bricks":1,"minecraft:stone_axe":56,"minecraft:wooden_sword":28,"minecraft:cobblestone":7,"minecraft:oak_sapling":6,"minecraft:furnace":10,"minecraft:andesite":250},"minecraft:dropped":{"minecraft:stick":2,"minecraft:wooden_axe":2},"minecraft:broken":{"minecraft:stone_pickaxe":3,"minecraft:wooden_pickaxe":4}},"DataVersion":2975}