{"stats":{"minecraft:broken":{"minecraft:wooden_pickaxe":2},"minecraft:killed":{"minecraft:zombie":29},"minecraft:dropped":{"minecraft:netherite_pickaxe":1,"minecraft:oak_log":2,"minecraft:crafting_table":1,"minecraft:rotten_flesh":131,"minecraft:oak_planks":12,"minecraft:apple":1,"minecraft:stick":1,"minecraft:leather_chestplate":1,"minecraft:turtle_helmet":1,"minecraft:wooden_axe":2,"minecraft:oak_sapling":3,"minecraft:wooden_pickaxe":1},"minecraft:used":{"minecraft:netherite_sword":32,"minecraft:stone_sword":8,"minecraft:stone_pickaxe":128,"minecraft:redstone":1,"minecraft:oak_planks":26,"minecraft:wooden_pickaxe":272,"minecraft:rotten_flesh":12,"minecraft:torch":3,"minecraft:dirt":38,"minecraft:crafting_table":32,"minecraft:oak_log":4,"minecraft:wooden_axe":75,"minecraft:wooden_sword":117,"minecraft:cobblestone":12,"minecraft:oak_sapling":13,"minecraft:andesite":87,"minecraft:netherite_pickaxe":1},"minecraft:killed_by":{"minecraft:player":61,"minecraft:zombie":14},"minecraft:crafted":{"minecraft:wooden_sword":17,"minecraft:oak_planks":444,"minecraft:crafting_table":26,"minecraft:wooden_pickaxe":17,"minecraft:stick":124,"minecraft:stone_pickaxe":2,"minecraft:wooden_axe":11,"minecraft:stone_sword":2},"minecraft:picked_up":{"minecraft:wooden_axe":6,"minecraft:leather_chestplate":9,"minecraft:crafting_table":17,"minecraft:andesite":318,"minecraft:turtle_helmet":10,"minecraft:wooden_pickaxe":4,"minecraft:bedrock":1,"minecraft:oak_log":143,"minecraft:dirt":94,"minecraft:wooden_sword":7,"minecraft:apple":2,"minecraft:netherite_sword":4,"minecraft:iron_ingot":2,"minecraft:stone_pickaxe":1,"minecraft:iron_ore":2,"minecraft:iron_nugget":12,"minecraft:oak_planks":137,"minecraft:stick":42,"minecraft:torch":4,"minecraft:redstone":1,"minecraft:netherite_pickaxe":1,"minecraft:quartz_block":8,"minecraft:stone_sword":1,"minecraft:rotten_flesh":302,"minecraft:oak_sapling":29,"minecraft:coal":9,"minecraft:cobblestone":38},"minecraft:custom":{"minecraft:interact_with_furnace":1,"minecraft:mob_kills":33,"minecraft:interact_with_crafting_table":59,"minecraft:play_one_minute":163431,"minecraft:leave_game":1,"minecraft:time_since_death":4176,"minecraft:damage_resisted":5182,"minecraft:time_since_rest":4205,"minecraft:sprint_one_cm":672001,"minecraft:damage_taken":39739,"minecraft:walk_one_cm":417733,"minecraft:drop":62,"minecraft:damage_dealt":9209,"minecraft:fly_one_cm":786188,"minecraft:player_kills":33,"minecraft:open_chest":56,"minecraft:crouch_one_cm":34096,"minecraft:deaths":136,"minecraft:sneak_time":17420,"minecraft:jump":3104,"minecraft:fall_one_cm":173806},"minecraft:mined":{"minecraft:crafting_table":16,"minecraft:torch":1,"minecraft:grass_block":31,"minecraft:cobblestone":2,"minecraft:oak_planks":3,"minecraft:wall_torch":2,"minecraft:iron_ore":2,"minecraft:andesite":332,"minecraft:coal_ore":9,"minecraft:oak_log":144,"minecraft:dirt":47,"minecraft:stone":34,"minecraft:oak_leaves":52}},"DataVersion":2586}