{"stats":{"minecraft:mined":{"minecraft:dark_oak_planks":2,"minecraft:oak_sapling":1,"minecraft:farmland":1,"minecraft:grass_block":77,"minecraft:chiseled_stone_bricks":3,"minecraft:iron_ore":280,"minecraft:fire":69,"minecraft:torch":13,"minecraft:note_block":2,"minecraft:dead_bush":11,"minecraft:cobblestone":18,"minecraft:wall_torch":33,"minecraft:birch_log":140,"minecraft:wheat":9,"minecraft:grass":34,"minecraft:oak_log":204,"minecraft:sand":68,"minecraft:dirt":219,"minecraft:stonecutter":1,"minecraft:ancient_debris":5,"minecraft:oak_leaves":72,"minecraft:diamond_ore":71,"minecraft:kelp":3,"minecraft:sandstone":23,"minecraft:furnace":40,"minecraft:andesite":7161,"minecraft:stone":1804,"minecraft:crafting_table":121,"minecraft:tall_grass":2,"minecraft:birch_planks":19,"minecraft:cactus":4,"minecraft:birch_leaves":13,"minecraft:coal_ore":359,"minecraft:gravel":11,"minecraft:polished_andesite":62,"minecraft:gold_ore":19},"minecraft:killed":{"minecraft:zombie":59,"minecraft:player":12},"minecraft:used":{"minecraft:polished_deepslate":4,"minecraft:dispenser":9,"minecraft:ladder":3,"minecraft:oak_sign":121,"minecraft:chest":73,"minecraft:shield":55,"minecraft:stone":224,"minecraft:iron_sword":3,"minecraft:zombie_spawn_egg":1,"minecraft:player_head":5,"minecraft:rotten_flesh":22,"minecraft:debug_stick":16,"minecraft:axolotl_bucket":1,"minecraft:snowball":34,"minecraft:glass":165,"minecraft:lava_bucket":4,"minecraft:netherite_shovel":1,"minecraft:coal_ore":38,"minecraft:villager_spawn_egg":1,"minecraft:red_wool":7,"minecraft:quartz_slab":6,"minecraft:grass_block":485,"minecraft:birch_sapling":318,"minecraft:green_wool":7,"minecraft:quartz_block":822,"minecraft:stone_bricks":1,"minecraft:item_frame":3,"minecraft:bedrock":427,"minecraft:golden_sword":3,"minecraft:bow":2,"minecraft:furnace":65,"minecraft:oak_sapling":66,"minecraft:gold_block":5,"minecraft:spider_spawn_egg":2,"minecraft:red_stained_glass":147,"minecraft:birch_leaves":4,"minecraft:stone_pickaxe":3586,"minecraft:oak_planks":32,"minecraft:cactus":12,"minecraft:wooden_pickaxe":1176,"minecraft:sandstone":14,"minecraft:oak_leaves":36,"minecraft:smooth_quartz_stairs":29,"minecraft:white_wool":1,"minecraft:sand":34,"minecraft:cave_spider_spawn_egg":6,"minecraft:note_block":2,"minecraft:creeper_spawn_egg":2,"minecraft:redstone_torch":7,"minecraft:sticky_piston":1,"minecraft:lever":3,"minecraft:barrier":6,"minecraft:stone_button":53,"minecraft:diamond_ore":10,"minecraft:iron_door":2,"minecraft:gravel":5,"minecraft:cat_spawn_egg":1,"minecraft:wooden_sword":59,"minecraft:birch_log":9,"minecraft:andesite":1479,"minecraft:bone_meal":55,"minecraft:purple_wool":2,"minecraft:golden_pickaxe":169,"minecraft:experience_bottle":25,"minecraft:netherite_sword":20,"minecraft:stone_sword":40,"minecraft:flint_and_steel":63,"minecraft:stone_shovel":37,"minecraft:redstone":12,"minecraft:tinted_glass":11,"minecraft:orange_stained_glass":79,"minecraft:torch":114,"minecraft:spyglass":10,"minecraft:ancient_debris":1,"minecraft:dirt":423,"minecraft:target":6,"minecraft:anvil":4,"minecraft:hopper":2,"minecraft:stone_brick_slab":101,"minecraft:wooden_axe":211,"minecraft:dark_oak_planks":3,"minecraft:emerald_block":10,"minecraft:netherite_pickaxe":5,"minecraft:stone_pressure_plate":15,"minecraft:calcite":33,"minecraft:wheat_seeds":11,"minecraft:water_bucket":4,"minecraft:iron_ore":19,"minecraft:birch_planks":37,"minecraft:polished_andesite":84,"minecraft:blue_wool":10,"minecraft:cauldron":1,"minecraft:beacon":33,"minecraft:stonecutter":2,"minecraft:conduit":1,"minecraft:tnt":13,"minecraft:crafting_table":162,"minecraft:painting":1,"minecraft:dark_oak_door":2,"minecraft:nether_gold_ore":107,"minecraft:oak_log":3,"minecraft:wooden_hoe":5,"minecraft:diamond_pickaxe":129,"minecraft:black_wool":177,"minecraft:apple":3,"minecraft:diamond_shovel":2,"minecraft:acacia_sign":10,"minecraft:command_block":32,"minecraft:iron_pickaxe":5021,"minecraft:map":41,"minecraft:netherite_axe":34,"minecraft:yellow_wool":7,"minecraft:stone_axe":162,"minecraft:chiseled_stone_bricks":7,"minecraft:cobblestone":77,"minecraft:potion":3,"minecraft:end_crystal":2,"minecraft:porkchop":1,"minecraft:chain_command_block":7,"minecraft:lapis_block":8,"minecraft:bucket":3,"minecraft:glass_pane":16,"minecraft:polished_blackstone_button":1,"minecraft:splash_potion":1},"minecraft:picked_up":{"minecraft:wooden_axe":24,"minecraft:wheat":9,"minecraft:diamond_sword":1,"minecraft:oak_sign":3,"minecraft:smooth_stone":1,"minecraft:spruce_planks":2,"minecraft:wooden_shovel":1,"minecraft:iron_pickaxe":12,"minecraft:dark_oak_door":6,"minecraft:furnace":53,"minecraft:stick":176,"minecraft:torch":124,"minecraft:porkchop":5,"minecraft:quartz_block":6,"minecraft:stone_sword":7,"minecraft:cactus":10,"minecraft:command_block":1,"minecraft:rotten_flesh":323,"minecraft:glowstone":1,"minecraft:cobblestone":2343,"minecraft:birch_log":145,"minecraft:leather_chestplate":6,"minecraft:iron_door":6,"minecraft:andesite":9903,"minecraft:flint":8,"minecraft:dirt":473,"minecraft:stonecutter":1,"minecraft:wheat_seeds":37,"minecraft:raw_gold":19,"minecraft:oak_planks":180,"minecraft:sand":124,"minecraft:polished_andesite":64,"minecraft:diamond":150,"minecraft:oak_sapling":58,"minecraft:diamond_pickaxe":2,"minecraft:crafting_table":149,"minecraft:turtle_helmet":7,"minecraft:wooden_pickaxe":32,"minecraft:gold_block":5,"minecraft:iron_axe":2,"minecraft:wooden_sword":17,"minecraft:flint_and_steel":3,"minecraft:netherite_scrap":3,"minecraft:item_frame":5,"minecraft:iron_nugget":38,"minecraft:chest":31,"minecraft:sugar_cane":2,"minecraft:birch_sapling":44,"minecraft:sandstone":39,"minecraft:raw_iron":118,"minecraft:stone":6,"minecraft:note_block":2,"minecraft:stone_button":1,"minecraft:carrot":16,"minecraft:redstone":3,"minecraft:netherite_pickaxe":1,"minecraft:dark_oak_planks":3,"minecraft:arrow":184,"minecraft:birch_planks":240,"minecraft:filled_map":41,"minecraft:bedrock":4,"minecraft:oak_log":218,"minecraft:ancient_debris":59,"minecraft:apple":5,"minecraft:stone_bricks":3,"minecraft:kelp":47,"minecraft:stone_pickaxe":31,"minecraft:iron_ingot":59,"minecraft:iron_ore":244,"minecraft:polished_andesite_slab":6,"minecraft:iron_sword":3,"minecraft:chiseled_stone_bricks":6,"minecraft:stone_brick_slab":16,"minecraft:gravel":41,"minecraft:stone_axe":6,"minecraft:diamond_axe":1,"minecraft:coal":670},"minecraft:crafted":{"minecraft:smooth_stone":3,"minecraft:oak_planks":792,"minecraft:stone":18,"minecraft:diamond_shovel":8,"minecraft:hopper":4,"minecraft:stone_brick_slab":12,"minecraft:chest":1,"minecraft:chiseled_stone_bricks":2,"minecraft:stone_bricks":8,"minecraft:crafting_table":59,"minecraft:wooden_pickaxe":52,"minecraft:birch_planks":548,"minecraft:diamond_pickaxe":1,"minecraft:shield":5,"minecraft:stick":580,"minecraft:iron_pickaxe":49,"minecraft:iron_ingot":129,"minecraft:iron_block":3,"minecraft:gold_ingot":4,"minecraft:sandstone":1,"minecraft:netherite_ingot":2,"minecraft:polished_andesite":60,"minecraft:wooden_sword":3,"minecraft:stone_shovel":1,"minecraft:furnace":40,"minecraft:blast_furnace":5,"minecraft:stone_pickaxe":109,"minecraft:netherite_scrap":11,"minecraft:leather_helmet":1,"minecraft:bucket":1,"minecraft:stone_axe":28,"minecraft:air":0,"minecraft:wooden_axe":32,"minecraft:stonecutter":1,"minecraft:anvil":5,"minecraft:torch":416},"minecraft:killed_by":{"minecraft:zombie":16,"minecraft:player":95},"minecraft:custom":{"minecraft:interact_with_crafting_table":399,"minecraft:clean_armor":1,"minecraft:leave_game":89,"minecraft:time_since_death":101175,"minecraft:damage_resisted":56457,"minecraft:sprint_one_cm":3165340,"minecraft:damage_blocked_by_shield":684,"minecraft:drop":252,"minecraft:play_noteblock":2,"minecraft:play_time":7365645,"minecraft:deaths":195,"minecraft:jump":23129,"minecraft:walk_on_water_one_cm":58695,"minecraft:interact_with_furnace":277,"minecraft:damage_dealt":33500,"minecraft:interact_with_beacon":2,"minecraft:player_kills":85,"minecraft:crouch_one_cm":150068,"minecraft:inspect_dispenser":44,"minecraft:mob_kills":66,"minecraft:interact_with_anvil":5,"minecraft:inspect_hopper":1,"minecraft:fill_cauldron":1,"minecraft:climb_one_cm":55677,"minecraft:walk_one_cm":3064738,"minecraft:target_hit":1,"minecraft:sneak_time":93040,"minecraft:walk_under_water_one_cm":170779,"minecraft:total_world_time":3302794,"minecraft:tune_noteblock":1,"minecraft:interact_with_stonecutter":2,"minecraft:time_since_rest":101196,"minecraft:damage_taken":15832577,"minecraft:swim_one_cm":60435,"minecraft:fly_one_cm":14330877,"minecraft:open_chest":648,"minecraft:fall_one_cm":891565},"minecraft:broken":{"minecraft:stone_pickaxe":15,"minecraft:flint_and_steel":1,"minecraft:wooden_pickaxe":5,"minecraft:iron_pickaxe":9},"minecraft:dropped":{"minecraft:iron_sword":1,"minecraft:birch_planks":16,"minecraft:porkchop":4,"minecraft:oak_log":3,"minecraft:diamond":78,"minecraft:crafting_table":8,"minecraft:bedrock":8,"minecraft:gold_block":6,"minecraft:dirt":15,"minecraft:dispenser":1,"minecraft:wooden_sword":3,"minecraft:sand":1,"minecraft:iron_pickaxe":5,"minecraft:dark_oak_planks":1,"minecraft:birch_log":6,"minecraft:end_crystal":64,"minecraft:stone_axe":1,"minecraft:iron_nugget":43,"minecraft:birch_sapling":6,"minecraft:netherite_sword":1,"minecraft:wheat":9,"minecraft:rotten_flesh":40,"minecraft:oak_planks":11,"minecraft:cooked_mutton":3,"minecraft:chiseled_stone_bricks":1,"minecraft:leather_chestplate":4,"minecraft:turtle_helmet":4,"minecraft:trident":1,"minecraft:quartz_block":12,"minecraft:glowstone":1,"minecraft:chest":5,"minecraft:iron_ore":2,"minecraft:arrow":1,"minecraft:glass":1,"minecraft:chain_command_block":1,"minecraft:oak_leaves":1,"minecraft:iron_ingot":39,"minecraft:netherite_pickaxe":5,"minecraft:wheat_seeds":87,"minecraft:tnt":3,"minecraft:smooth_quartz_stairs":1,"minecraft:netherite_axe":1,"minecraft:cobblestone":150,"minecraft:barrier":1,"minecraft:granite":1,"minecraft:command_block":4,"minecraft:grass_block":1,"minecraft:coal":12,"minecraft:stick":16,"minecraft:polished_andesite":1,"minecraft:nether_gold_ore":64,"minecraft:diorite":1,"minecraft:torch":55,"minecraft:wooden_hoe":1,"minecraft:wooden_axe":6,"minecraft:iron_axe":1,"minecraft:stone_brick_slab":4,"minecraft:furnace":3,"minecraft:raw_iron":5,"minecraft:totem_of_undying":1,"minecraft:oak_sign":3,"minecraft:flint_and_steel":2,"minecraft:stone":2,"minecraft:spruce_planks":12,"minecraft:diamond_pickaxe":2,"minecraft:andesite":132,"minecraft:oak_sapling":1,"minecraft:redstone_torch":1,"minecraft:stone_bricks":1,"minecraft:stone_pickaxe":11,"minecraft:red_tulip":1}},"DataVersion":2975}