{"stats":{"minecraft:broken":{"minecraft:stone_pickaxe":5,"minecraft:wooden_sword":1,"minecraft:wooden_pickaxe":3},"minecraft:used":{"minecraft:iron_ore":1,"minecraft:stone_sword":24,"minecraft:birch_planks":92,"minecraft:stone_pickaxe":792,"minecraft:oak_planks":6,"minecraft:andesite_slab":2,"minecraft:cactus":9,"minecraft:wooden_pickaxe":288,"minecraft:sandstone":7,"minecraft:iron_sword":1,"minecraft:rotten_flesh":16,"minecraft:torch":103,"minecraft:dirt":61,"minecraft:sand":55,"minecraft:crafting_table":24,"minecraft:wooden_axe":43,"minecraft:apple":1,"minecraft:birch_sapling":5,"minecraft:iron_pickaxe":624,"minecraft:wooden_sword":90,"minecraft:cobblestone":6,"minecraft:furnace":7,"minecraft:birch_log":3,"minecraft:andesite":213},"minecraft:crafted":{"minecraft:wooden_sword":3,"minecraft:oak_planks":64,"minecraft:crafting_table":18,"minecraft:wooden_pickaxe":9,"minecraft:iron_sword":2,"minecraft:furnace":6,"minecraft:birch_planks":312,"minecraft:air":0,"minecraft:iron_boots":1,"minecraft:stick":68,"minecraft:iron_ingot":28,"minecraft:iron_pickaxe":5,"minecraft:stone_pickaxe":8,"minecraft:wooden_axe":1,"minecraft:stone_sword":4,"minecraft:torch":80},"minecraft:killed":{"minecraft:zombie":4,"minecraft:player":20},"minecraft:dropped":{"minecraft:cobblestone":4,"minecraft:torch":1,"minecraft:wooden_axe":1,"minecraft:andesite":13,"minecraft:iron_ore":2,"minecraft:wooden_pickaxe":1,"minecraft:stone_pickaxe":3},"minecraft:custom":{"minecraft:interact_with_furnace":27,"minecraft:mob_kills":5,"minecraft:interact_with_crafting_table":41,"minecraft:play_one_minute":175320,"minecraft:leave_game":3,"minecraft:time_since_death":35984,"minecraft:damage_resisted":7236,"minecraft:time_since_rest":36008,"minecraft:sprint_one_cm":38879,"minecraft:damage_taken":11367,"minecraft:walk_one_cm":437330,"minecraft:drop":25,"minecraft:damage_dealt":6697,"minecraft:swim_one_cm":501,"minecraft:fly_one_cm":76142,"minecraft:player_kills":21,"minecraft:crouch_one_cm":75810,"minecraft:deaths":28,"minecraft:sneak_time":41349,"minecraft:walk_under_water_one_cm":10174,"minecraft:jump":1826,"minecraft:walk_on_water_one_cm":14574,"minecraft:fall_one_cm":79353},"minecraft:killed_by":{"minecraft:player":16,"minecraft:zombie":6},"minecraft:picked_up":{"minecraft:wooden_axe":4,"minecraft:birch_log":89,"minecraft:crafting_table":11,"minecraft:andesite":1407,"minecraft:wooden_pickaxe":14,"minecraft:birch_planks":59,"minecraft:oak_log":16,"minecraft:dirt":91,"minecraft:wooden_sword":7,"minecraft:apple":1,"minecraft:wheat_seeds":24,"minecraft:bucket":1,"minecraft:stone_pickaxe":7,"minecraft:iron_ingot":7,"minecraft:iron_ore":71,"minecraft:iron_pickaxe":1,"minecraft:sugar_cane":14,"minecraft:birch_sapling":46,"minecraft:oak_planks":10,"minecraft:iron_boots":1,"minecraft:furnace":3,"minecraft:stick":56,"minecraft:sandstone":28,"minecraft:torch":58,"minecraft:gravel":6,"minecraft:sand":105,"minecraft:cactus":9,"minecraft:rotten_flesh":78,"minecraft:diamond":9,"minecraft:oak_sapling":2,"minecraft:coal":139,"minecraft:andesite_slab":2,"minecraft:cobblestone":382},"minecraft:mined":{"minecraft:diamond_ore":9,"minecraft:crafting_table":8,"minecraft:torch":11,"minecraft:grass_block":10,"minecraft:dead_bush":4,"minecraft:andesite_slab":2,"minecraft:tall_grass":35,"minecraft:cobblestone":2,"minecraft:oak_planks":1,"minecraft:sugar_cane":1,"minecraft:sandstone":16,"minecraft:wall_torch":32,"minecraft:birch_sapling":4,"minecraft:birch_planks":9,"minecraft:cactus":3,"minecraft:furnace":2,"minecraft:birch_log":84,"minecraft:iron_ore":63,"minecraft:andesite":1085,"minecraft:birch_leaves":41,"minecraft:grass":167,"minecraft:oak_log":16,"minecraft:coal_ore":134,"minecraft:sand":80,"minecraft:dirt":64,"minecraft:stone":288,"minecraft:oak_leaves":15}},"DataVersion":2586}