{"stats":{"minecraft:used":{"minecraft:birch_planks":31,"minecraft:stone_pickaxe":184,"minecraft:chest":1,"minecraft:wooden_pickaxe":101,"minecraft:sandstone":1,"minecraft:rotten_flesh":2,"minecraft:torch":6,"minecraft:dirt":4,"minecraft:sand":4,"minecraft:crafting_table":4,"minecraft:wooden_axe":36,"minecraft:iron_pickaxe":44,"minecraft:cobblestone":11,"minecraft:furnace":3,"minecraft:birch_log":2,"minecraft:andesite":54},"minecraft:crafted":{"minecraft:crafting_table":4,"minecraft:wooden_pickaxe":4,"minecraft:furnace":2,"minecraft:birch_planks":92,"minecraft:air":0,"minecraft:stick":40,"minecraft:iron_ingot":11,"minecraft:iron_pickaxe":2,"minecraft:stone_pickaxe":3,"minecraft:wooden_axe":3,"minecraft:chest":1,"minecraft:torch":32},"minecraft:killed":{"minecraft:zombie":4},"minecraft:dropped":{"minecraft:poppy":2,"minecraft:andesite":1,"minecraft:stone_pickaxe":4,"minecraft:wooden_pickaxe":4,"minecraft:birch_log":1},"minecraft:custom":{"minecraft:interact_with_furnace":28,"minecraft:mob_kills":6,"minecraft:interact_with_crafting_table":47,"minecraft:play_one_minute":110036,"minecraft:leave_game":1,"minecraft:time_since_death":757,"minecraft:damage_resisted":4613,"minecraft:time_since_rest":4278,"minecraft:sprint_one_cm":172568,"minecraft:damage_taken":8440,"minecraft:walk_one_cm":267243,"minecraft:drop":12,"minecraft:damage_dealt":1096,"minecraft:swim_one_cm":242,"minecraft:fly_one_cm":182483,"minecraft:open_chest":3,"minecraft:crouch_one_cm":1125,"minecraft:deaths":21,"minecraft:sneak_time":1060,"minecraft:walk_under_water_one_cm":447,"minecraft:jump":1148,"minecraft:walk_on_water_one_cm":4540,"minecraft:fall_one_cm":59932},"minecraft:killed_by":{"minecraft:player":6,"minecraft:zombie":12},"minecraft:picked_up":{"minecraft:wooden_axe":2,"minecraft:birch_log":34,"minecraft:crafting_table":5,"minecraft:andesite":265,"minecraft:wooden_pickaxe":6,"minecraft:birch_planks":53,"minecraft:dirt":13,"minecraft:wooden_sword":1,"minecraft:wheat_seeds":4,"minecraft:stone_pickaxe":6,"minecraft:iron_ore":19,"minecraft:poppy":2,"minecraft:birch_sapling":7,"minecraft:furnace":2,"minecraft:stick":36,"minecraft:sandstone":4,"minecraft:torch":12,"minecraft:gravel":1,"minecraft:sand":36,"minecraft:rotten_flesh":33,"minecraft:diamond":1,"minecraft:oak_sapling":5,"minecraft:coal":36,"minecraft:cobblestone":70},"minecraft:mined":{"minecraft:diamond_ore":1,"minecraft:crafting_table":1,"minecraft:torch":2,"minecraft:grass_block":1,"minecraft:dead_bush":1,"minecraft:cobblestone":8,"minecraft:sandstone":1,"minecraft:wall_torch":3,"minecraft:birch_planks":12,"minecraft:furnace":2,"minecraft:birch_log":28,"minecraft:iron_ore":15,"minecraft:andesite":177,"minecraft:birch_leaves":4,"minecraft:grass":2,"minecraft:coal_ore":28,"minecraft:dirt":8,"minecraft:sand":22,"minecraft:gravel":1,"minecraft:stone":54,"minecraft:oak_leaves":3}},"DataVersion":2586}